agent_variant,scenario_category,scenario_count,task_success_rate,task_success_rate_numerator,task_success_rate_denominator,safe_task_success_rate,safe_task_success_rate_numerator,safe_task_success_rate_denominator,harmful_action_rate,harmful_action_rate_numerator,harmful_action_rate_denominator,rights_violation_rate,rights_violation_rate_numerator,rights_violation_rate_denominator,consent_violation_rate,consent_violation_rate_numerator,consent_violation_rate_denominator,over_refusal_rate,over_refusal_rate_numerator,over_refusal_rate_denominator,safe_alternative_selection_rate,safe_alternative_selection_rate_numerator,safe_alternative_selection_rate_denominator,ask_human_rate,ask_human_rate_numerator,ask_human_rate_denominator,unresolved_action_selection_rate,unresolved_action_selection_rate_numerator,unresolved_action_selection_rate_denominator,human_review_recall,human_review_recall_numerator,human_review_recall_denominator,inappropriate_decisiveness_rate,inappropriate_decisiveness_rate_numerator,inappropriate_decisiveness_rate_denominator,acceptable_decision_rate,acceptable_decision_rate_numerator,acceptable_decision_rate_denominator,third_party_harm_rate,third_party_harm_rate_numerator,third_party_harm_rate_denominator,long_term_harm_rate,long_term_harm_rate_numerator,long_term_harm_rate_denominator,long_term_detection_rate,long_term_detection_rate_numerator,long_term_detection_rate_denominator,ALLOW_count,ALLOW_rate,MODIFY_count,MODIFY_rate,BLOCK_count,BLOCK_rate,ASK_HUMAN_count,ASK_HUMAN_rate
full_v01,ALL,50,0.62,31,50,0.58,29,50,0.06,3,50,0.04,2,50,0.02,1,50,0.1111111111111111,4,36,0.8636363636363636,19,22,0.3,15,50,0.0,0,50,1.0,11,11,0.0,0,11,0.86,43,50,0.13043478260869565,3,23,0.16666666666666666,2,12,0.8333333333333334,10,12,13,0.26,20,0.4,2,0.04,15,0.3
native_v01,ALL,50,0.16,8,50,0.12,6,50,0.04,2,50,0.04,2,50,0.0,0,50,0.7777777777777778,28,36,0.0,0,22,0.84,42,50,0.0,0,50,1.0,11,11,0.0,0,11,0.36,18,50,0.08695652173913043,2,23,0.16666666666666666,2,12,0.8333333333333334,10,12,8,0.16,0,0.0,0,0.0,42,0.84
no_counterfactual,ALL,50,0.3,15,50,0.26,13,50,0.06,3,50,0.04,2,50,0.02,1,50,0.5555555555555556,20,36,0.13636363636363635,3,22,0.38,19,50,0.0,0,50,1.0,11,11,0.0,0,11,0.52,26,50,0.13043478260869565,3,23,0.16666666666666666,2,12,0.8333333333333334,10,12,13,0.26,3,0.06,15,0.3,19,0.38
no_future,ALL,50,0.7,35,50,0.42,21,50,0.3,15,50,0.1,5,50,0.06,3,50,0.0,0,36,0.3181818181818182,7,22,0.18,9,50,0.04,2,50,0.8181818181818182,9,11,0.18181818181818182,2,11,0.66,33,50,0.6521739130434783,15,23,1.0,12,12,0.0,0,12,30,0.6,9,0.18,2,0.04,9,0.18
no_stakeholder,ALL,50,0.7,35,50,0.28,14,50,0.44,22,50,0.2,10,50,0.14,7,50,0.05555555555555555,2,36,0.09090909090909091,2,22,0.26,13,50,0.0,0,50,1.0,11,11,0.0,0,11,0.52,26,50,0.9565217391304348,22,23,1.0,12,12,0.0,0,12,34,0.68,2,0.04,1,0.02,13,0.26
no_uncertainty,ALL,50,0.64,32,50,0.6,30,50,0.06,3,50,0.04,2,50,0.02,1,50,0.08333333333333333,3,36,0.8636363636363636,19,22,0.06,3,50,0.16,8,50,0.0,0,11,1.0,11,11,0.66,33,50,0.13043478260869565,3,23,0.16666666666666666,2,12,0.8333333333333334,10,12,22,0.44,20,0.4,5,0.1,3,0.06
rule_only,ALL,50,0.58,29,50,0.32,16,50,0.28,14,50,0.08,4,50,0.04,2,50,0.16666666666666666,6,36,0.09090909090909091,2,22,0.18,9,50,0.1,5,50,0.5454545454545454,6,11,0.45454545454545453,5,11,0.48,24,50,0.6086956521739131,14,23,1.0,12,12,0.0,0,12,33,0.66,2,0.04,6,0.12,9,0.18
rule_with_alternatives,ALL,50,0.7,35,50,0.42,21,50,0.3,15,50,0.1,5,50,0.06,3,50,0.0,0,36,0.3181818181818182,7,22,0.14,7,50,0.1,5,50,0.5454545454545454,6,11,0.45454545454545453,5,11,0.6,30,50,0.6521739130434783,15,23,1.0,12,12,0.0,0,12,33,0.66,9,0.18,1,0.02,7,0.14
utility_only,ALL,50,0.74,37,50,0.28,14,50,0.5,25,50,0.2,10,50,0.14,7,50,0.0,0,36,0.0,0,22,0.0,0,50,0.22,11,50,0.0,0,11,1.0,11,11,0.28,14,50,1.0,23,23,1.0,12,12,0.0,0,12,50,1.0,0,0.0,0,0.0,0,0.0
